<?xml version="1.0" encoding="UTF-8"?>
<project-private xmlns="http://www.netbeans.org/ns/project-private/1">
    <editor-bookmarks xmlns="http://www.netbeans.org/ns/editor-bookmarks/2" lastBookmarkId="0"/>
    <open-files xmlns="http://www.netbeans.org/ns/projectui-open-files/2">
        <group>
            <file>file:/D:/Programming/CS445/CS445Collab/CS445Craft/src/cs445craft/CS445Craft.java</file>
            <file>file:/D:/Programming/CS445/CS445Collab/CS445Craft/src/cs445craft/FPCameraController.java</file>
            <file>file:/D:/Programming/CS445/CS445Collab/CS445Craft/src/cs445craft/Block.java</file>
        </group>
    </open-files>
</project-private>
